{
  "accuracy": 0.6037147102526003,
  "precision": 0.3807588075880759,
  "recall": 0.5725929699439634,
  "auc": 0.6431609059610344
}